{"cameraMode":{"drawMode":0,"name":"Shaded","section":"Shading Mode"},"sceneLighting":true,"audioPlay":false,"sceneViewState":{"m_AlwaysRefresh":false,"showFog":true,"showSkybox":true,"showFlares":true,"showImageEffects":true,"showParticleSystems":true,"showVisualEffectGraphs":true,"m_FxEnabled":true},"in2DMode":false,"pivot":{"x":448.72509765625,"y":292.9187316894531,"z":-523.2536010742188},"rotation":{"x":0.05907227098941803,"y":0.009877747856080532,"z":-0.0005845175473950803,"w":0.998206615447998},"size":1.6658427715301514,"orthographic":false}