{"cameraMode":{"drawMode":0,"name":"Shaded","section":"Shading Mode"},"sceneLighting":false,"audioPlay":false,"sceneViewState":{"m_AlwaysRefresh":false,"showFog":true,"showSkybox":false,"showFlares":true,"showImageEffects":true,"showParticleSystems":true,"showVisualEffectGraphs":true,"m_FxEnabled":true},"in2DMode":false,"pivot":{"x":0.0000024437904357910158,"y":0.5891275405883789,"z":0.06247431039810181},"rotation":{"x":0.04434528946876526,"y":-0.84001225233078,"z":0.06945875287055969,"w":0.5362886786460877},"size":1.1023849248886109,"orthographic":false}